filepath,xmin,xmax,ymin,ymax
./DataSet\0155_01524_b.xml,206,280,166,232
./DataSet\0156_04102_b.xml,159,229,53,111
./DataSet\0156_07336_b.xml,195,264,152,212
./DataSet\0157_00083_b.xml,172,242,135,192
./DataSet\0157_00096_b.xml,201,273,84,144
./DataSet\0157_00906_b.xml,207,271,200,259
./DataSet\0157_01727_b.xml,123,196,210,270
./DataSet\0157_01915_b.xml,171,241,101,159
./DataSet\0157_02500_b.xml,140,205,92,145
./DataSet\0157_02592_b.xml,250,317,177,231
./DataSet\0157_05295_b.xml,174,241,37,94
./DataSet\0158_00834_b.xml,201,264,167,218
./DataSet\0158_01702_b.xml,218,296,119,185
./DataSet\0158_05358_b.xml,220,275,93,138
./DataSet\0158_05596_b.xml,180,234,136,178
./DataSet\0158_06483_b.xml,186,249,116,167
./DataSet\0158_06500_b.xml,147,212,134,188
./DataSet\0158_06656_b.xml,177,230,116,158
./DataSet\0158_08078_b.xml,196,266,5,64
./DataSet\0159_00418_b.xml,130,199,83,139
./DataSet\0159_02276_b.xml,220,298,83,142
./DataSet\0159_02500_b.xml,200,269,69,129
./DataSet\0159_02577_b.xml,206,280,233,294
./DataSet\0159_03023_b.xml,202,269,66,120
./DataSet\0159_04714_b.xml,199,269,86,144
./DataSet\0159_04916_b.xml,160,227,89,141
./DataSet\0159_05256_b.xml,186,237,140,182
./DataSet\0200_04363_b.xml,199,263,170,223
./DataSet\0200_05891_b.xml,184,250,149,210
./DataSet\0200_06533_b.xml,161,231,117,171
./DataSet\0200_08054_b.xml,140,210,65,121
./DataSet\0200_08319_b.xml,188,258,146,200
./DataSet\0200_08375_b.xml,151,216,152,205
./DataSet\0201_04010_b.xml,184,255,162,226
./DataSet\0201_05010_b.xml,190,260,124,180
./DataSet\0201_05131_b.xml,192,264,89,144
./DataSet\0201_05320_b.xml,229,289,79,127
./DataSet\0201_06401_b.xml,187,248,96,152
./DataSet\0202_03024_b.xml,224,289,99,160
./DataSet\0202_04129_b.xml,222,278,150,190
./DataSet\0202_04179_b.xml,216,289,94,156
./DataSet\0202_04264_b.xml,164,237,103,161
./DataSet\0202_04589_b.xml,215,284,103,159
./DataSet\0202_04805_b.xml,196,259,81,137
./DataSet\0202_05672_b.xml,200,269,88,147
./DataSet\0203_00419_b.xml,223,293,147,207
./DataSet\0203_00488_b.xml,183,251,191,247
./DataSet\0203_01062_b.xml,219,279,107,152
./DataSet\0203_02003_b.xml,157,225,139,196
./DataSet\0203_04832_b.xml,212,285,112,173
./DataSet\0203_05531_b.xml,207,275,140,198
./DataSet\0203_06622_b.xml,207,261,97,144
./DataSet\0203_09520_b.xml,154,218,69,124
./DataSet\0204_05256_b.xml,203,268,148,204
./DataSet\0204_07385_b.xml,206,274,66,120
./DataSet\0205_00471_b.xml,204,275,90,154
./DataSet\0205_00866_b.xml,173,242,200,256
./DataSet\0205_04086_b.xml,233,286,169,209
./DataSet\0205_04478_b.xml,189,263,157,218
./DataSet\0205_05743_b.xml,167,239,123,181
./DataSet\0205_06486_b.xml,177,242,110,164
./DataSet\0205_07100_b.xml,236,309,199,259
./DataSet\0205_07244_b.xml,203,280,157,219
./DataSet\0205_08135_b.xml,192,262,119,180
./DataSet\0206_00158_b.xml,190,258,116,168
./DataSet\0206_04440_b.xml,175,231,82,125
./DataSet\0206_05783_b.xml,205,274,20,78
./DataSet\0206_07127_b.xml,181,247,128,185
./DataSet\0206_07238_b.xml,183,239,124,168
./DataSet\0206_08036_b.xml,191,242,138,182
./DataSet\0207_00521_b.xml,206,265,68,120
./DataSet\0207_01409_b.xml,185,255,104,163
./DataSet\0207_04185_b.xml,193,245,135,177
./DataSet\0207_04299_b.xml,186,246,129,176
./DataSet\0207_04411_b.xml,218,292,149,209
./DataSet\0207_06374_b.xml,165,236,154,206
./DataSet\0207_07240_b.xml,211,280,166,227
./DataSet\0208_01163_b.xml,210,277,135,190
./DataSet\0208_01987_b.xml,131,196,193,252
./DataSet\0208_04293_b.xml,187,260,121,184
./DataSet\0208_05067_b.xml,200,253,190,229
./DataSet\0208_06253_b.xml,239,301,77,136
./DataSet\0208_06505_b.xml,169,233,116,167
./DataSet\0208_06556_b.xml,201,255,107,153
./DataSet\0208_07011_b.xml,212,268,101,154
./DataSet\0209_02619_b.xml,179,236,48,103
./DataSet\0209_04147_b.xml,196,261,104,160
./DataSet\0209_04404_b.xml,220,297,162,223
./DataSet\0209_04563_b.xml,292,352,116,170
./DataSet\0209_04828_b.xml,270,333,152,209
./DataSet\0209_05225_b.xml,185,250,102,157
./DataSet\0209_05405_b.xml,166,225,84,132
./DataSet\0209_06283_b.xml,245,314,121,178
./DataSet\0209_06894_b.xml,165,235,54,117
./DataSet\0209_08007_b.xml,187,240,87,133
./DataSet\0209_08094_b.xml,185,251,67,119
./DataSet\0209_08290_b.xml,162,224,63,117
./DataSet\0210_01045_b.xml,218,284,157,215
./DataSet\0210_02219_b.xml,126,186,123,172
./DataSet\0210_04345_b.xml,255,320,83,146
./DataSet\0210_04453_b.xml,183,247,120,175
./DataSet\0210_04510_b.xml,194,259,86,142
./DataSet\0210_05414_b.xml,237,306,146,199
./DataSet\0210_06105_b.xml,238,307,96,152
./DataSet\0210_07395_b.xml,210,276,125,180
./DataSet\0210_08114_b.xml,202,275,120,180
./DataSet\0211_00866_b.xml,178,251,208,267
./DataSet\0211_01098_b.xml,237,301,109,164
./DataSet\0211_01448_b.xml,104,170,206,260
./DataSet\0211_04855_b.xml,228,291,122,177
./DataSet\0211_05326_b.xml,134,214,145,204
./DataSet\0211_07006_b.xml,253,311,128,182
./DataSet\0211_08346_b.xml,158,233,146,203
./DataSet\0212_00158_b.xml,163,230,87,143
./DataSet\0212_00289_b.xml,171,222,74,119
./DataSet\0212_01946_b.xml,210,283,115,176
./DataSet\0212_02007_b.xml,119,186,122,175
./DataSet\0212_04024_b.xml,171,238,173,231
./DataSet\0212_06671_b.xml,218,286,105,168
./DataSet\0212_07303_b.xml,186,246,116,168
./DataSet\0213_00318_b.xml,197,263,127,185
./DataSet\0213_01426_b.xml,190,252,89,143
./DataSet\0213_02212_b.xml,143,219,158,216
./DataSet\0213_02232_b.xml,140,210,96,150
./DataSet\0213_04627_b.xml,175,249,120,175
./DataSet\0214_04674_b.xml,168,243,88,148
./DataSet\0214_05762_b.xml,192,261,111,167
./DataSet\0214_06062_b.xml,179,233,193,233
./DataSet\0215_01946_b.xml,177,245,134,192
./DataSet\0215_04767_b.xml,196,250,126,173
./DataSet\0215_04770_b.xml,247,314,67,129
./DataSet\0215_05824_b.xml,184,251,135,196
./DataSet\0215_05885_b.xml,190,252,69,130
./DataSet\0215_06112_b.xml,136,210,73,129
./DataSet\0215_06197_b.xml,148,216,128,185
./DataSet\0216_04264_b.xml,168,230,67,118
./DataSet\0216_04997_b.xml,199,268,29,81
./DataSet\0217_00819_b.xml,209,268,150,210
./DataSet\0217_04676_b.xml,197,258,79,135
./DataSet\0217_05420_b.xml,174,237,131,196
./DataSet\0217_05820_b.xml,159,228,202,255
./DataSet\0218_00868_b.xml,182,258,149,209
./DataSet\0218_01944_b.xml,49,119,133,188
./DataSet\0218_06096_b.xml,166,232,51,102
./DataSet\0219_01300_b.xml,210,284,109,169
./DataSet\0219_02124_b.xml,153,221,61,113
./DataSet\0219_02212_b.xml,169,225,116,159
./DataSet\0219_05090_b.xml,176,247,11,73
./DataSet\0219_05548_b.xml,286,355,69,135
./DataSet\0219_05824_b.xml,167,234,75,130
./DataSet\0219_06384_b.xml,198,265,72,128
./DataSet\0219_06795_b.xml,175,249,57,116
./DataSet\0220_05177_b.xml,167,229,61,110
./DataSet\0220_06089_b.xml,166,227,187,236
./DataSet\0220_06495_b.xml,170,242,80,142
./DataSet\0220_06737_b.xml,180,260,179,244
./DataSet\0220_06743_b.xml,169,236,144,202
./DataSet\0220_06927_b.xml,164,228,59,110
./DataSet\0220_08036_b.xml,173,239,115,167
./DataSet\0221_01394_b.xml,184,247,93,152
./DataSet\0221_02231_b.xml,172,236,85,136
./DataSet\0221_04587_b.xml,196,255,84,140
./DataSet\0221_05115_b.xml,177,240,164,215
./DataSet\0221_05348_b.xml,205,272,70,126
./DataSet\0221_06228_b.xml,206,273,171,226
./DataSet\0221_06536_b.xml,216,285,137,199
./DataSet\0221_06848_b.xml,172,235,80,132
./DataSet\0221_07069_b.xml,177,252,227,288
./DataSet\0221_08150_b.xml,193,264,178,235
./DataSet\0222_00578_b.xml,219,288,107,168
./DataSet\0222_01280_b.xml,200,276,183,240
./DataSet\0222_04772_b.xml,218,283,119,172
./DataSet\0222_05681_b.xml,265,328,112,166
./DataSet\0222_05767_b.xml,188,250,88,140
./DataSet\0222_06987_b.xml,171,235,149,203
./DataSet\0222_07182_b.xml,169,235,108,162
./DataSet\0222_07268_b.xml,172,239,99,154
./DataSet\0222_08157_b.xml,209,263,99,142
./DataSet\0223_04758_b.xml,200,261,74,125
./DataSet\0223_05868_b.xml,175,242,106,158
./DataSet\0223_06130_b.xml,194,267,92,149
./DataSet\0223_07200_b.xml,253,308,82,138
./DataSet\0224_01998_b.xml,190,262,152,215
./DataSet\0224_02215_b.xml,151,212,160,208
./DataSet\0224_04757_b.xml,221,269,72,115
./DataSet\0224_04918_b.xml,206,268,52,104
./DataSet\0224_07070_b.xml,183,252,125,181
./DataSet\0225_01448_b.xml,177,235,189,230
./DataSet\0225_01589_b.xml,169,249,140,204
./DataSet\0225_05464_b.xml,193,263,93,149
./DataSet\0225_06106_b.xml,263,318,114,169
./DataSet\0225_06388_b.xml,201,269,171,227
./DataSet\0225_06697_b.xml,205,271,34,90
./DataSet\0226_01513_b.xml,187,258,74,133
./DataSet\0226_06210_b.xml,180,231,93,138
./DataSet\0227_06215_b.xml,237,303,101,157
./DataSet\0227_06391_b.xml,194,269,142,207
./DataSet\0227_07169_b.xml,157,211,160,204
./DataSet\0227_08385_b.xml,198,260,51,102
./DataSet\0228_01392_b.xml,234,310,182,238
./DataSet\0228_01938_b.xml,220,290,125,182
./DataSet\0228_05851_b.xml,204,256,67,111
./DataSet\0228_06205_b.xml,189,251,90,143
./DataSet\0228_08009_b.xml,212,274,94,148
./DataSet\0229_04927_b.xml,270,332,134,198
./DataSet\0229_05104_b.xml,169,235,82,138
./DataSet\0229_05817_b.xml,165,228,99,152
./DataSet\0229_05899_b.xml,160,223,66,121
./DataSet\0229_06802_b.xml,162,225,47,103
./DataSet\0230_01270_b.xml,169,236,142,198
./DataSet\0230_02213_b.xml,212,288,176,238
./DataSet\0230_06967_b.xml,198,271,132,193
./DataSet\0231_04382_b.xml,183,259,190,248
./DataSet\0231_04847_b.xml,168,239,116,171
./DataSet\0231_04861_b.xml,214,281,54,107
./DataSet\0231_05371_b.xml,191,242,133,179
./DataSet\0231_05886_b.xml,174,235,207,256
./DataSet\0231_08286_b.xml,182,254,46,105
./DataSet\0232_07283_b.xml,254,318,184,238
./DataSet\0233_02235_b.xml,204,259,121,167
./DataSet\0233_04418_b.xml,238,306,208,261
./DataSet\0233_05608_b.xml,171,235,170,220
./DataSet\0233_05690_b.xml,199,254,114,160
./DataSet\0233_05976_b.xml,189,262,94,156
./DataSet\0233_06177_b.xml,195,267,70,128
./DataSet\0233_06485_b.xml,182,244,59,109
./DataSet\0234_02191_b.xml,160,229,146,201
./DataSet\0234_04035_b.xml,125,198,158,225
./DataSet\0234_04594_b.xml,111,176,98,147
./DataSet\0234_04694_b.xml,188,239,105,152
./DataSet\0234_05151_b.xml,180,232,115,161
./DataSet\0234_05215_b.xml,191,258,93,152
./DataSet\0234_06540_b.xml,164,215,80,123
./DataSet\0235_00464_b.xml,172,224,113,160
./DataSet\0235_01148_b.xml,145,206,94,147
./DataSet\0235_04524_b.xml,208,275,125,189
./DataSet\0235_04862_b.xml,203,271,126,185
./DataSet\0235_06933_b.xml,209,275,138,193
./DataSet\0236_02272_b.xml,220,292,162,222
./DataSet\0236_04123_b.xml,182,231,194,238
./DataSet\0236_04184_b.xml,165,240,71,128
./DataSet\0236_04241_b.xml,178,238,197,243
./DataSet\0236_04875_b.xml,176,241,100,155
./DataSet\0236_05259_b.xml,181,236,154,203
./DataSet\0236_05858_b.xml,198,258,99,152
./DataSet\0236_08055_b.xml,164,231,136,193
./DataSet\0236_08258_b.xml,171,241,97,156
./DataSet\0237_00523_b.xml,199,251,174,218
./DataSet\0237_02213_b.xml,260,323,136,189
./DataSet\0237_04744_b.xml,160,230,161,213
./DataSet\0237_04858_b.xml,173,240,134,189
./DataSet\0237_08208_b.xml,251,316,183,239
./DataSet\0238_00112_b.xml,151,220,133,186
./DataSet\0238_01814_b.xml,146,225,165,224
./DataSet\0238_01984_b.xml,212,284,64,125
./DataSet\0238_03008_b.xml,190,259,82,139
./DataSet\0238_04133_b.xml,148,217,97,155
./DataSet\0238_04269_b.xml,181,244,115,171
./DataSet\0238_04368_b.xml,191,258,133,190
./DataSet\0238_04479_b.xml,187,258,127,186
./DataSet\0238_06410_b.xml,197,257,118,173
./DataSet\0238_07112_b.xml,199,275,156,216
./DataSet\0238_08297_b.xml,147,208,42,93
./DataSet\0239_00719_b.xml,152,217,156,210
./DataSet\0239_01380_b.xml,198,244,154,204
./DataSet\0239_04588_b.xml,221,290,20,78
./DataSet\0239_04692_b.xml,250,309,101,154
./DataSet\0239_04816_b.xml,242,302,109,162
./DataSet\0239_05654_b.xml,181,238,98,145
./DataSet\0239_05848_b.xml,225,286,85,136
./DataSet\0239_05983_b.xml,198,260,124,173
./DataSet\0239_06155_b.xml,170,240,52,112
./DataSet\0240_02213_b.xml,144,217,191,254
./DataSet\0240_04445_b.xml,181,251,79,136
./DataSet\0240_05371_b.xml,150,210,122,179
./DataSet\0240_05813_b.xml,204,258,106,148
./DataSet\0240_05990_b.xml,144,214,96,151
./DataSet\0240_06217_b.xml,189,255,54,107
./DataSet\0240_06439_b.xml,225,289,121,172
./DataSet\0240_06671_b.xml,197,267,51,110
./DataSet\0240_06702_b.xml,175,244,68,118
./DataSet\0241_02252_b.xml,188,251,140,194
./DataSet\0241_04404_b.xml,166,222,103,147
./DataSet\0241_04575_b.xml,162,226,28,86
./DataSet\0241_05387_b.xml,207,272,70,122
./DataSet\0241_06153_b.xml,174,238,104,158
./DataSet\0241_06165_b.xml,262,315,155,199
./DataSet\0241_06752_b.xml,188,251,77,130
./DataSet\0241_06976_b.xml,156,214,162,206
./DataSet\0241_06978_b.xml,193,269,127,188
./DataSet\0241_08258_b.xml,177,239,200,253
./DataSet\0242_01591_b.xml,190,262,192,250
./DataSet\0242_01975_b.xml,183,251,198,258
./DataSet\0242_04555_b.xml,177,245,105,166
./DataSet\0242_05642_b.xml,187,251,78,130
./DataSet\0242_05960_b.xml,179,250,188,244
./DataSet\0242_06193_b.xml,199,270,70,130
./DataSet\0242_06436_b.xml,172,234,171,225
./DataSet\0242_06966_b.xml,211,261,69,113
./DataSet\0242_07067_b.xml,199,254,159,202
./DataSet\0242_08139_b.xml,166,232,67,123
./DataSet\0243_04804_b.xml,205,275,90,149
./DataSet\0243_04829_b.xml,154,220,130,187
./DataSet\0243_05046_b.xml,202,271,84,144
./DataSet\0243_05384_b.xml,190,255,67,122
./DataSet\0243_05688_b.xml,212,274,93,145
./DataSet\0243_06072_b.xml,229,290,64,114
./DataSet\0243_06197_b.xml,238,287,133,171
./DataSet\0243_06432_b.xml,190,252,64,122
./DataSet\0243_07306_b.xml,293,353,129,183
./DataSet\0243_07366_b.xml,150,218,180,242
./DataSet\0243_08319_b.xml,168,239,90,146
./DataSet\0244_00257_b.xml,180,248,214,273
./DataSet\0244_00288_b.xml,137,203,152,208
./DataSet\0244_04022_b.xml,208,263,118,162
./DataSet\0244_04045_b.xml,199,260,94,146
./DataSet\0244_04480_b.xml,217,290,85,147
./DataSet\0244_05322_b.xml,191,247,121,176
./DataSet\0244_05397_b.xml,189,248,76,129
./DataSet\0244_06332_b.xml,208,263,118,164
./DataSet\0244_06639_b.xml,187,258,173,230
./DataSet\0245_00460_b.xml,167,238,95,155
./DataSet\0245_01965_b.xml,208,274,134,194
./DataSet\0245_04007_b.xml,204,271,128,189
./DataSet\0245_04612_b.xml,229,286,92,141
./DataSet\0245_04694_b.xml,223,289,68,123
./DataSet\0245_04761_b.xml,217,270,89,132
./DataSet\0245_05507_b.xml,265,325,88,145
./DataSet\0245_06837_b.xml,202,269,59,111
./DataSet\0246_01333_b.xml,143,215,145,208
./DataSet\0246_02252_b.xml,208,283,224,289
./DataSet\0246_04148_b.xml,209,280,106,164
./DataSet\0246_04669_b.xml,195,248,95,142
./DataSet\0246_04689_b.xml,201,273,85,148
./DataSet\0246_04692_b.xml,225,294,134,192
./DataSet\0246_04989_b.xml,197,251,123,167
./DataSet\0246_05507_b.xml,183,244,61,113
./DataSet\0246_07355_b.xml,187,259,67,124
./DataSet\0247_03048_b.xml,160,238,171,234
./DataSet\0247_04267_b.xml,115,183,173,236
./DataSet\0247_04916_b.xml,163,222,127,174
./DataSet\0247_06037_b.xml,254,323,121,178
./DataSet\0247_06853_b.xml,189,260,133,187
./DataSet\0247_08138_b.xml,195,266,66,126
./DataSet\0248_01979_b.xml,184,259,101,163
./DataSet\0248_02244_b.xml,218,289,151,211
./DataSet\0248_04462_b.xml,191,241,190,231
./DataSet\0248_04991_b.xml,241,318,200,262
./DataSet\0248_06621_b.xml,194,265,238,293
./DataSet\0248_08125_b.xml,177,242,148,203
./DataSet\0249_00316_b.xml,210,265,135,176
./DataSet\0249_00404_b.xml,273,345,78,136
./DataSet\0249_00586_b.xml,187,264,145,207
./DataSet\0249_00984_b.xml,184,244,60,108
./DataSet\0249_02212_b.xml,148,200,57,109
./DataSet\0249_04799_b.xml,288,349,166,222
./DataSet\0249_05715_b.xml,296,363,170,231
./DataSet\0249_05720_b.xml,164,236,135,191
./DataSet\0249_05926_b.xml,170,234,137,196
./DataSet\0249_06036_b.xml,186,248,98,150
./DataSet\0249_07048_b.xml,172,245,128,189
./DataSet\0249_08080_b.xml,258,319,91,149
./DataSet\0249_08308_b.xml,264,330,49,113
./DataSet\0249_08347_b.xml,187,256,104,160
./DataSet\0250_02065_b.xml,182,247,88,139
./DataSet\0250_04249_b.xml,260,328,91,149
./DataSet\0250_04426_b.xml,177,232,118,170
./DataSet\0250_06810_b.xml,192,254,73,126
./DataSet\0250_07351_b.xml,167,231,85,137
./DataSet\0251_01938_b.xml,165,237,115,173
./DataSet\0251_04333_b.xml,275,329,97,154
./DataSet\0251_04747_b.xml,154,223,57,112
./DataSet\0251_05043_b.xml,259,319,178,231
./DataSet\0251_06093_b.xml,147,209,76,126
./DataSet\0251_06509_b.xml,155,230,151,218
./DataSet\0251_07030_b.xml,212,276,82,136
./DataSet\0251_07090_b.xml,167,229,155,207
./DataSet\0252_01426_b.xml,146,221,164,229
./DataSet\0252_05497_b.xml,181,248,148,204
./DataSet\0252_05688_b.xml,216,288,82,140
./DataSet\0252_06193_b.xml,240,284,86,129
./DataSet\0252_08125_b.xml,193,244,167,206
./DataSet\0253_01158_b.xml,157,227,175,233
./DataSet\0253_01652_b.xml,222,287,161,215
./DataSet\0253_04437_b.xml,230,282,96,138
./DataSet\0253_05670_b.xml,236,296,124,176
./DataSet\0253_05732_b.xml,177,237,178,227
./DataSet\0253_05735_b.xml,143,193,53,97
./DataSet\0253_05888_b.xml,207,281,75,136
./DataSet\0253_06106_b.xml,232,295,171,229
./DataSet\0253_06153_b.xml,246,314,102,157
./DataSet\0253_06368_b.xml,209,266,198,243
./DataSet\0253_07090_b.xml,191,234,80,129
./DataSet\0254_02098_b.xml,191,271,120,184
./DataSet\0254_04526_b.xml,163,230,188,247
./DataSet\0254_04984_b.xml,194,264,131,189
./DataSet\0254_05123_b.xml,233,293,79,137
./DataSet\0254_05925_b.xml,309,370,97,150
./DataSet\0254_07092_b.xml,206,271,90,142
./DataSet\0254_08017_b.xml,160,227,139,196
./DataSet\0255_03013_b.xml,202,258,156,198
./DataSet\0255_04602_b.xml,122,191,97,158
./DataSet\0255_04769_b.xml,191,247,156,204
./DataSet\0255_05062_b.xml,189,255,103,154
./DataSet\0255_05272_b.xml,192,254,94,152
./DataSet\0255_05669_b.xml,230,292,121,172
./DataSet\0255_06511_b.xml,177,241,148,202
./DataSet\0255_07272_b.xml,203,256,65,107
./DataSet\0256_03048_b.xml,192,250,165,211
./DataSet\0256_04505_b.xml,154,217,160,212
./DataSet\0256_04748_b.xml,206,271,90,147
./DataSet\0256_04915_b.xml,175,235,140,191
./DataSet\0256_05284_b.xml,189,260,72,137
./DataSet\0256_06104_b.xml,205,256,132,178
./DataSet\0256_06336_b.xml,167,235,131,189
./DataSet\0256_06418_b.xml,193,262,169,223
./DataSet\0256_06559_b.xml,127,186,87,146
./DataSet\0256_06748_b.xml,172,238,157,206
./DataSet\0256_06916_b.xml,188,257,82,140
./DataSet\0256_07076_b.xml,217,285,140,206
./DataSet\0256_08083_b.xml,252,308,65,118
./DataSet\0257_03048_b.xml,234,305,125,192
./DataSet\0257_04030_b.xml,202,269,119,182
./DataSet\0257_04207_b.xml,209,278,150,205
./DataSet\0257_04316_b.xml,168,233,96,149
./DataSet\0257_04368_b.xml,248,318,69,131
./DataSet\0257_05164_b.xml,191,266,155,218
./DataSet\0257_05420_b.xml,203,272,171,222
./DataSet\0257_06012_b.xml,188,255,140,195
./DataSet\0257_06825_b.xml,227,278,80,121
./DataSet\0257_08272_b.xml,212,272,100,157
./DataSet\0258_00465_b.xml,147,214,69,127
./DataSet\0258_02192_b.xml,217,284,139,193
./DataSet\0258_04125_b.xml,203,265,123,184
./DataSet\0258_04132_b.xml,189,257,143,197
./DataSet\0258_04244_b.xml,166,229,163,218
./DataSet\0258_05146_b.xml,261,319,149,205
./DataSet\0258_05228_b.xml,196,266,115,174
./DataSet\0258_05430_b.xml,306,368,78,142
./DataSet\0258_05596_b.xml,219,290,196,253
./DataSet\0258_05844_b.xml,184,253,137,193
./DataSet\0258_05908_b.xml,198,267,107,165
./DataSet\0258_05987_b.xml,199,273,146,208
./DataSet\0258_06413_b.xml,178,230,132,182
./DataSet\0258_06866_b.xml,276,348,129,196
./DataSet\0258_07099_b.xml,141,219,49,107
./DataSet\0259_00506_b.xml,199,272,140,208
./DataSet\0259_02136_b.xml,203,262,210,261
./DataSet\0259_04193_b.xml,182,241,174,231
./DataSet\0259_04561_b.xml,175,237,91,147
./DataSet\0259_05991_b.xml,235,312,209,273
./DataSet\0259_06071_b.xml,183,246,102,155
./DataSet\0259_06081_b.xml,212,274,49,108
./DataSet\0259_06228_b.xml,217,282,161,215
./DataSet\0300_04128_b.xml,187,248,77,126
./DataSet\0300_05183_b.xml,169,237,5,64
./DataSet\0300_05485_b.xml,181,254,121,184
./DataSet\0300_05565_b.xml,219,293,101,171
./DataSet\0300_06559_b.xml,178,242,92,149
./DataSet\0300_06654_b.xml,133,202,127,182
./DataSet\0300_06692_b.xml,224,284,151,201
./DataSet\0300_06715_b.xml,193,255,63,116
./DataSet\0300_07142_b.xml,132,207,169,241
./DataSet\0300_07384_b.xml,170,235,83,137
./DataSet\0300_08022_b.xml,261,324,144,203
./DataSet\0301_01589_b.xml,152,225,125,185
./DataSet\0301_02272_b.xml,270,324,125,180
./DataSet\0301_04090_b.xml,139,207,36,97
./DataSet\0301_06167_b.xml,214,283,183,238
./DataSet\0301_06356_b.xml,186,258,148,207
./DataSet\0301_06523_b.xml,197,260,99,149
./DataSet\0301_06684_b.xml,219,284,146,210
./DataSet\0301_06728_b.xml,150,211,117,165
./DataSet\0301_07224_b.xml,209,270,122,177
./DataSet\0301_08123_b.xml,199,250,206,243
./DataSet\0302_00286_b.xml,203,282,84,141
./DataSet\0302_01513_b.xml,250,314,79,142
./DataSet\0302_02259_b.xml,208,270,75,132
./DataSet\0302_04345_b.xml,149,204,115,162
./DataSet\0302_04617_b.xml,195,245,102,143
./DataSet\0302_05034_b.xml,169,232,94,154
./DataSet\0302_05381_b.xml,152,220,49,108
./DataSet\0302_06557_b.xml,204,264,125,177
./DataSet\0302_07260_b.xml,141,204,74,128
./DataSet\0302_08192_b.xml,209,280,48,106
./DataSet\0302_08195_b.xml,254,308,179,224
./DataSet\0302_08233_b.xml,219,287,138,205
./DataSet\0302_08253_b.xml,159,217,111,168
./DataSet\0303_01887_b.xml,148,224,117,178
./DataSet\0303_06385_b.xml,225,296,89,151
./DataSet\0303_06563_b.xml,155,213,100,155
./DataSet\0303_06824_b.xml,196,269,146,207
./DataSet\0303_07121_b.xml,288,364,106,172
./DataSet\0304_04071_b.xml,184,259,93,152
./DataSet\0304_04979_b.xml,249,318,107,172
./DataSet\0304_05657_b.xml,197,257,56,107
./DataSet\0304_05676_b.xml,192,268,72,135
./DataSet\0304_06288_b.xml,201,265,118,173
./DataSet\0304_06912_b.xml,198,261,125,183
./DataSet\0304_07392_b.xml,210,267,124,169
./DataSet\0304_07398_b.xml,160,222,90,140
./DataSet\0305_01307_b.xml,222,289,179,238
./DataSet\0305_04101_b.xml,184,250,201,255
./DataSet\0305_04793_b.xml,275,337,167,223
./DataSet\0305_06157_b.xml,277,345,126,192
./DataSet\0305_08221_b.xml,189,259,182,241
./DataSet\0305_08299_b.xml,179,243,108,174
./DataSet\0306_04292_b.xml,192,264,78,141
./DataSet\0306_05088_b.xml,153,217,77,134
./DataSet\0306_05636_b.xml,214,284,117,179
./DataSet\0306_07265_b.xml,215,285,91,151
./DataSet\0306_07285_b.xml,200,264,68,121
./DataSet\0307_04182_b.xml,208,277,163,221
./DataSet\0307_04743_b.xml,217,274,43,95
./DataSet\0307_05152_b.xml,201,268,127,187
./DataSet\0307_05979_b.xml,237,305,79,143
./DataSet\0307_06345_b.xml,208,274,84,143
./DataSet\0308_01685_b.xml,168,238,69,130
./DataSet\0308_05320_b.xml,158,227,113,171
./DataSet\0308_05665_b.xml,161,225,104,159
./DataSet\0308_06515_b.xml,234,304,59,117
./DataSet\0308_06731_b.xml,162,224,66,118
./DataSet\0308_06826_b.xml,176,242,74,126
./DataSet\0308_06990_b.xml,137,208,15,78
./DataSet\0308_07234_b.xml,177,235,167,214
./DataSet\0309_05262_b.xml,210,274,81,140
./DataSet\0309_06007_b.xml,176,240,93,149
./DataSet\0309_06495_b.xml,158,230,58,116
./DataSet\0309_07312_b.xml,207,279,166,227
./DataSet\0310_05831_b.xml,216,285,73,131
./DataSet\0310_06199_b.xml,223,291,140,194
./DataSet\0310_06703_b.xml,253,320,163,220
./DataSet\0310_07150_b.xml,163,220,78,129
./DataSet\0311_04070_b.xml,207,276,69,128
./DataSet\0311_04828_b.xml,160,233,138,200
./DataSet\0311_05730_b.xml,228,297,76,135
./DataSet\0311_05772_b.xml,202,263,72,125
./DataSet\0311_06191_b.xml,178,249,100,155
./DataSet\0311_08018_b.xml,207,265,60,115
./DataSet\0311_08207_b.xml,197,262,115,171
./DataSet\0312_00517_b.xml,157,219,149,201
./DataSet\0312_05504_b.xml,260,330,46,109
./DataSet\0312_05588_b.xml,160,230,166,225
./DataSet\0312_05600_b.xml,277,339,85,135
./DataSet\0312_07010_b.xml,165,236,132,195
./DataSet\0312_08282_b.xml,196,264,119,173
./DataSet\0313_04096_b.xml,160,232,133,191
./DataSet\0313_04421_b.xml,194,265,118,178
./DataSet\0313_04659_b.xml,240,310,73,135
./DataSet\0313_04662_b.xml,153,219,90,146
./DataSet\0313_05149_b.xml,166,230,85,145
./DataSet\0313_05912_b.xml,170,241,126,181
./DataSet\0313_05945_b.xml,185,247,89,144
./DataSet\0313_05990_b.xml,167,225,134,191
./DataSet\0313_06899_b.xml,214,276,186,233
./DataSet\0313_07153_b.xml,196,268,114,182
./DataSet\0314_05240_b.xml,196,266,81,146
./DataSet\0314_06109_b.xml,218,291,118,180
./DataSet\0314_08293_b.xml,207,283,105,168
./DataSet\0315_04289_b.xml,192,253,151,203
./DataSet\0315_04385_b.xml,189,258,162,221
./DataSet\0315_04519_b.xml,213,275,98,162
./DataSet\0315_06165_b.xml,198,269,114,177
./DataSet\0315_08182_b.xml,186,258,192,249
./DataSet\0316_04080_b.xml,193,249,88,139
./DataSet\0316_04240_b.xml,180,250,137,193
./DataSet\0316_04495_b.xml,168,232,13,74
./DataSet\0316_04905_b.xml,153,222,75,134
./DataSet\0316_05220_b.xml,149,219,94,156
./DataSet\0316_05313_b.xml,143,216,168,226
./DataSet\0316_06166_b.xml,208,274,141,202
./DataSet\0316_06385_b.xml,174,248,95,155
./DataSet\0316_06813_b.xml,181,234,70,123
./DataSet\0316_06919_b.xml,225,280,64,116
./DataSet\0316_07389_b.xml,174,239,225,277
./DataSet\0316_08096_b.xml,187,260,105,169
./DataSet\0317_01998_b.xml,194,263,48,108
./DataSet\0317_04106_b.xml,174,244,176,235
./DataSet\0317_04262_b.xml,177,244,82,143
./DataSet\0317_04508_b.xml,241,309,139,197
./DataSet\0317_08220_b.xml,187,262,181,245
./DataSet\0318_04662_b.xml,157,223,118,182
./DataSet\0318_05008_b.xml,189,258,124,185
./DataSet\0318_05402_b.xml,261,318,133,190
./DataSet\0318_05414_b.xml,200,275,187,248
./DataSet\0318_06155_b.xml,198,271,152,212
./DataSet\0319_06120_b.xml,227,299,89,152
./DataSet\0319_06474_b.xml,177,244,105,164
./DataSet\0319_08008_b.xml,189,257,90,150
./DataSet\0319_08223_b.xml,225,299,131,195
./DataSet\0320_04051_b.xml,191,263,232,289
./DataSet\0320_04642_b.xml,272,341,96,170
./DataSet\0320_05151_b.xml,178,253,77,137
./DataSet\0320_05789_b.xml,153,220,106,168
./DataSet\0320_06867_b.xml,242,305,83,139
./DataSet\0320_07036_b.xml,207,278,75,133
./DataSet\0320_08070_b.xml,239,314,123,192
./DataSet\0321_02076_b.xml,194,264,136,199
./DataSet\0321_07303_b.xml,194,259,149,208
./DataSet\0321_08384_b.xml,227,296,11,64
./DataSet\0322_05273_b.xml,184,258,119,181
./DataSet\0322_05697_b.xml,185,257,31,91
./DataSet\0323_01887_b.xml,165,240,32,96
./DataSet\0323_05045_b.xml,210,283,109,171
./DataSet\0323_05688_b.xml,208,281,150,205
./DataSet\0323_06647_b.xml,143,219,57,126
./DataSet\0323_07295_b.xml,207,277,157,212
./DataSet\0323_07320_b.xml,214,295,89,148
./DataSet\0323_08009_b.xml,236,310,170,232
./DataSet\0324_00176_b.xml,238,307,61,135
./DataSet\0324_05324_b.xml,202,275,116,176
./DataSet\0324_05997_b.xml,153,227,81,145
./DataSet\0324_06738_b.xml,229,303,120,180
./DataSet\0324_06812_b.xml,264,336,98,170
./DataSet\0325_00635_b.xml,188,267,183,244
./DataSet\0325_01702_b.xml,226,307,171,241
./DataSet\0325_06296_b.xml,138,211,96,159
./DataSet\0325_06682_b.xml,198,269,58,115
./DataSet\0326_02054_b.xml,251,323,97,167
./DataSet\0326_04340_b.xml,202,271,135,195
./DataSet\0326_04605_b.xml,176,255,123,186
./DataSet\0326_04993_b.xml,263,343,154,225
./DataSet\0326_05383_b.xml,199,277,71,138
./DataSet\0326_05944_b.xml,184,258,120,191
./DataSet\0326_06598_b.xml,185,258,32,98
./DataSet\0326_06770_b.xml,201,271,123,180
./DataSet\0326_07094_b.xml,155,228,114,178
./DataSet\0326_08228_b.xml,162,235,62,123
./DataSet\0327_00137_b.xml,205,277,121,183
./DataSet\0327_06345_b.xml,169,241,169,235
./DataSet\0327_06596_b.xml,169,239,12,76
./DataSet\0327_06891_b.xml,238,314,141,208
./DataSet\0327_07257_b.xml,303,375,104,176
./DataSet\0328_05364_b.xml,162,243,111,176
./DataSet\0328_06476_b.xml,209,288,134,201
./DataSet\0329_03016_b.xml,153,227,161,216
./DataSet\0329_05899_b.xml,238,308,137,205
./DataSet\0329_07048_b.xml,242,318,138,200
./DataSet\0330_02191_b.xml,241,312,200,265
./DataSet\0330_05791_b.xml,252,315,94,146
./DataSet\0330_06134_b.xml,196,265,166,223
./DataSet\0330_06495_b.xml,264,341,90,168
./DataSet\0330_06551_b.xml,193,265,127,186
./DataSet\0330_06648_b.xml,252,322,63,133
./DataSet\0330_06789_b.xml,218,293,116,178
./DataSet\0331_01031_b.xml,220,292,125,182
./DataSet\0331_05175_b.xml,213,291,110,170
./DataSet\0331_05441_b.xml,248,322,125,197
./DataSet\0331_05809_b.xml,194,266,130,191
./DataSet\0332_01588_b.xml,201,274,96,161
./DataSet\0332_05966_b.xml,277,348,139,209
./DataSet\0332_06063_b.xml,253,323,97,156
./DataSet\0332_06410_b.xml,204,277,142,205
./DataSet\0332_06920_b.xml,189,264,131,200
./DataSet\0333_00996_b.xml,252,333,133,210
./DataSet\0333_04136_b.xml,214,285,127,192
./DataSet\0333_05790_b.xml,250,329,184,255
./DataSet\0333_08177_b.xml,190,264,168,228
./DataSet\0334_05481_b.xml,179,248,52,110
./DataSet\0334_05528_b.xml,206,279,106,171
./DataSet\0334_06337_b.xml,224,298,104,168
./DataSet\0335_00509_b.xml,251,321,86,158
./DataSet\0335_04394_b.xml,185,261,106,169
./DataSet\0335_04616_b.xml,177,252,102,160
./DataSet\0335_06470_b.xml,205,279,71,130
./DataSet\0335_06620_b.xml,192,266,74,140
./DataSet\0335_06659_b.xml,192,266,81,141
./DataSet\0336_04080_b.xml,195,277,210,269
./DataSet\0336_04266_b.xml,227,302,91,155
./DataSet\0336_04446_b.xml,214,288,175,250
./DataSet\0336_06353_b.xml,213,285,67,126
./DataSet\0336_06896_b.xml,208,274,121,180
./DataSet\0336_06983_b.xml,176,250,101,163
./DataSet\0337_05453_b.xml,207,281,94,157
./DataSet\0338_05880_b.xml,221,295,105,167
./DataSet\0338_07010_b.xml,210,294,134,199
./DataSet\0339_02065_b.xml,220,296,143,207
./DataSet\0339_06194_b.xml,196,264,126,185
./DataSet\0339_06244_b.xml,261,328,83,153
./DataSet\0339_06667_b.xml,197,266,64,124
./DataSet\0339_06803_b.xml,262,333,138,201
./DataSet\0339_06863_b.xml,191,256,133,192
./DataSet\0339_08088_b.xml,167,244,159,226
./DataSet\0340_04255_b.xml,155,227,123,187
./DataSet\0340_05917_b.xml,196,273,191,256
./DataSet\0340_08127_b.xml,169,241,86,147
./DataSet\0341_04653_b.xml,157,227,151,208
./DataSet\0341_06533_b.xml,184,255,172,235
./DataSet\0342_05638_b.xml,206,271,144,201
./DataSet\0342_06015_b.xml,167,238,64,128
./DataSet\0342_06180_b.xml,140,213,191,244
./DataSet\0342_06209_b.xml,145,221,125,184
./DataSet\0342_06293_b.xml,227,299,93,157
./DataSet\0343_02003_b.xml,192,265,89,148
./DataSet\0343_04212_b.xml,184,258,108,169
./DataSet\0343_05474_b.xml,235,305,130,190
./DataSet\0344_04754_b.xml,208,279,115,173
./DataSet\0345_00593_b.xml,254,327,67,136
./DataSet\0346_06965_b.xml,200,275,125,189
./DataSet\0348_08238_b.xml,166,242,112,176
./DataSet\0349_00083_b.xml,161,238,188,252
./DataSet\0350_06252_b.xml,205,277,59,123
./DataSet\0350_08241_b.xml,179,248,154,213
./DataSet\0351_00460_b.xml,153,229,110,170
./DataSet\0351_06025_b.xml,184,254,139,199
./DataSet\0351_07377_b.xml,181,252,148,209
./DataSet\0352_04726_b.xml,171,242,70,133
./DataSet\0353_04104_b.xml,222,295,102,170
./DataSet\0353_05935_b.xml,205,274,179,237
./DataSet\0353_07318_b.xml,229,304,91,161
./DataSet\0354_04832_b.xml,191,262,138,195
./DataSet\0354_05959_b.xml,163,234,206,265
./DataSet\0354_06693_b.xml,174,249,107,169
./DataSet\0354_08079_b.xml,187,256,118,182
./DataSet\0355_04038_b.xml,150,220,66,124
./DataSet\0355_06858_b.xml,271,339,111,167
./DataSet\0356_04281_b.xml,274,347,205,268
./DataSet\0356_04996_b.xml,289,357,75,142
./DataSet\0356_05992_b.xml,147,217,77,134
./DataSet\0356_06897_b.xml,185,258,117,179
./DataSet\0357_04216_b.xml,188,262,106,170
./DataSet\0357_04509_b.xml,211,281,69,136
./DataSet\0357_04948_b.xml,197,271,134,189
./DataSet\0358_01960_b.xml,211,284,106,161
./DataSet\0358_04877_b.xml,194,270,102,168
./DataSet\0358_05860_b.xml,226,294,81,143
./DataSet\0358_06756_b.xml,191,262,110,171
./DataSet\0359_01806_b.xml,288,365,143,219
./DataSet\0359_01814_b.xml,153,240,110,177
./DataSet\0359_05454_b.xml,221,291,144,207
./DataSet\0359_06463_b.xml,184,261,178,242
./DataSet\0359_07002_b.xml,184,257,101,165
./DataSet\0359_08271_b.xml,216,287,113,175
./DataSet\0400_00995_b.xml,161,244,156,224
./DataSet\0400_04390_b.xml,245,325,119,183
./DataSet\0400_05206_b.xml,253,327,170,237
./DataSet\0400_05619_b.xml,240,310,101,162
./DataSet\0400_06373_b.xml,172,256,141,206
./DataSet\0401_05012_b.xml,145,223,107,173
./DataSet\0401_06141_b.xml,277,345,82,151
./DataSet\0401_06826_b.xml,212,288,172,236
./DataSet\0402_04374_b.xml,179,249,52,104
./DataSet\0402_05569_b.xml,195,267,89,156
./DataSet\0403_04146_b.xml,228,303,63,124
./DataSet\0403_04247_b.xml,172,246,135,196
./DataSet\0403_06654_b.xml,208,279,99,160
./DataSet\0403_07084_b.xml,211,280,98,167
./DataSet\0403_07322_b.xml,246,319,75,146
./DataSet\0403_08185_b.xml,218,291,162,222
./DataSet\0404_00952_b.xml,177,251,151,215
./DataSet\0405_04598_b.xml,249,317,72,146
./DataSet\0405_04683_b.xml,169,241,82,142
./DataSet\0405_04925_b.xml,222,298,121,184
./DataSet\0405_05175_b.xml,158,239,112,175
./DataSet\0405_05419_b.xml,155,232,146,206
./DataSet\0405_05489_b.xml,181,258,49,114
./DataSet\0405_06844_b.xml,225,291,112,178
./DataSet\0406_04580_b.xml,174,244,180,234
./DataSet\0406_07199_b.xml,138,204,93,151
./DataSet\0407_01032_b.xml,233,304,99,158
./DataSet\0407_04150_b.xml,215,285,118,179
./DataSet\0407_05591_b.xml,184,254,77,134
./DataSet\0407_05785_b.xml,156,225,109,167
./DataSet\0407_06979_b.xml,178,247,12,73
./DataSet\0408_01983_b.xml,187,264,146,214
./DataSet\0408_04188_b.xml,176,248,54,115
./DataSet\0408_04297_b.xml,193,260,5,67
./DataSet\0408_04541_b.xml,150,223,72,133
./DataSet\0408_06290_b.xml,229,302,55,118
./DataSet\0408_06793_b.xml,151,228,126,189
./DataSet\0409_02113_b.xml,233,306,80,159
./DataSet\0409_04711_b.xml,268,337,148,202
./DataSet\0409_05079_b.xml,241,305,124,194
./DataSet\0409_06835_b.xml,172,245,67,127
./DataSet\0409_08201_b.xml,224,297,80,143
./DataSet\0410_04799_b.xml,206,279,43,111
./DataSet\0410_05881_b.xml,184,255,31,97
./DataSet\0411_00459_b.xml,243,313,210,267
./DataSet\0411_04594_b.xml,182,256,12,78
./DataSet\0411_04882_b.xml,214,285,88,149
./DataSet\0411_05125_b.xml,208,280,61,124
./DataSet\0411_05986_b.xml,220,288,22,79
./DataSet\0411_06415_b.xml,194,268,77,140
./DataSet\0412_02169_b.xml,143,217,142,205
./DataSet\0412_05885_b.xml,283,353,80,149
./DataSet\0412_06384_b.xml,249,327,117,188
./DataSet\0412_06438_b.xml,207,283,138,198
./DataSet\0413_02227_b.xml,188,258,145,207
./DataSet\0413_04489_b.xml,234,313,150,224
./DataSet\0413_05705_b.xml,175,246,68,131
./DataSet\0413_05980_b.xml,206,280,113,176
./DataSet\0413_06425_b.xml,250,323,129,199
./DataSet\0414_04350_b.xml,174,245,87,154
./DataSet\0414_05793_b.xml,175,247,62,127
./DataSet\0415_00096_b.xml,225,301,126,189
./DataSet\0415_05278_b.xml,216,291,113,174
./DataSet\0415_05834_b.xml,209,283,106,170
./DataSet\0415_06767_b.xml,239,311,160,230
./DataSet\0415_07357_b.xml,228,298,89,150
./DataSet\0416_05808_b.xml,177,243,95,154
./DataSet\0416_06988_b.xml,243,315,137,213
./DataSet\0416_08281_b.xml,224,298,108,171
./DataSet\0417_04895_b.xml,199,268,129,193
./DataSet\0417_06790_b.xml,205,278,138,210
./DataSet\0417_07090_b.xml,208,284,121,186
./DataSet\0418_00288_b.xml,143,221,133,197
./DataSet\0418_04283_b.xml,155,233,68,131
./DataSet\0418_04444_b.xml,168,240,175,241
./DataSet\0418_05006_b.xml,131,207,103,166
./DataSet\0418_05686_b.xml,211,282,64,123
./DataSet\0418_06123_b.xml,203,277,97,160
./DataSet\0419_04383_b.xml,169,247,147,209
./DataSet\0419_05387_b.xml,262,333,74,141
./DataSet\0420_01152_b.xml,260,332,200,269
./DataSet\0420_04686_b.xml,268,340,113,186
./DataSet\0420_05895_b.xml,213,284,74,134
./DataSet\0420_06243_b.xml,188,252,45,100
./DataSet\0420_06577_b.xml,252,326,109,178
./DataSet\0420_08001_b.xml,195,268,99,160
./DataSet\0421_00288_b.xml,138,218,129,195
./DataSet\0421_04489_b.xml,237,312,128,205
./DataSet\0421_05609_b.xml,196,270,119,183
./DataSet\0421_06749_b.xml,178,251,101,155
./DataSet\0421_07168_b.xml,188,249,59,112
./DataSet\0421_08091_b.xml,150,225,104,167
./DataSet\0421_08195_b.xml,254,324,103,175
./DataSet\0422_05807_b.xml,258,333,154,227
./DataSet\0422_06382_b.xml,190,270,78,138
./DataSet\0422_06869_b.xml,210,279,114,183
./DataSet\0423_04629_b.xml,212,280,190,251
./DataSet\0423_04863_b.xml,184,242,101,149
./DataSet\0423_06266_b.xml,193,263,141,199
./DataSet\0424_00288_b.xml,142,223,129,194
./DataSet\0424_04080_b.xml,263,336,134,205
./DataSet\0424_04500_b.xml,259,336,141,208
./DataSet\0424_04778_b.xml,184,267,214,291
./DataSet\0424_06031_b.xml,189,259,158,216
./DataSet\0424_07398_b.xml,185,259,72,135
./DataSet\0425_04108_b.xml,132,209,80,141
./DataSet\0425_04118_b.xml,159,235,100,161
./DataSet\0425_04576_b.xml,246,312,129,196
./DataSet\0425_04927_b.xml,178,250,38,96
./DataSet\0425_05279_b.xml,153,233,98,158
./DataSet\0425_05580_b.xml,262,333,94,170
./DataSet\0425_07085_b.xml,133,207,40,105
./DataSet\0425_07246_b.xml,202,281,211,290
./DataSet\0426_05655_b.xml,207,280,83,142
./DataSet\0426_06154_b.xml,264,331,56,126
./DataSet\0426_06591_b.xml,191,267,82,148
./DataSet\0427_01058_b.xml,216,284,186,243
./DataSet\0427_04665_b.xml,235,304,61,131
./DataSet\0427_05233_b.xml,179,247,135,195
./DataSet\0427_05940_b.xml,198,271,91,153
./DataSet\0427_06378_b.xml,189,258,187,250
./DataSet\0427_06843_b.xml,216,284,185,242
./DataSet\0427_07095_b.xml,136,212,62,127
./DataSet\0427_08390_b.xml,218,292,108,181
./DataSet\0428_04065_b.xml,176,255,144,210
./DataSet\0428_04182_b.xml,191,259,104,159
./DataSet\0428_04433_b.xml,213,283,167,225
./DataSet\0428_04599_b.xml,223,298,49,112
./DataSet\0428_05625_b.xml,189,265,75,145
./DataSet\0428_05886_b.xml,223,294,73,141
./DataSet\0428_05962_b.xml,197,273,109,176
./DataSet\0428_06843_b.xml,181,252,89,147
./DataSet\0428_06899_b.xml,261,336,132,201
./DataSet\0428_07026_b.xml,225,288,104,163
./DataSet\0428_07359_b.xml,204,273,124,182
./DataSet\0428_08142_b.xml,244,305,62,125
./DataSet\0429_01150_b.xml,254,312,95,159
./DataSet\0429_04135_b.xml,164,235,66,127
./DataSet\0429_04989_b.xml,272,340,116,193
./DataSet\0429_05044_b.xml,185,254,88,151
./DataSet\0429_05226_b.xml,302,376,122,192
./DataSet\0429_05375_b.xml,225,295,128,195
./DataSet\0429_05390_b.xml,210,281,47,111
./DataSet\0429_05554_b.xml,188,255,61,114
./DataSet\0429_05755_b.xml,280,348,109,186
./DataSet\0429_06284_b.xml,171,239,109,165
./DataSet\0429_07077_b.xml,211,274,172,241
./DataSet\0429_07243_b.xml,189,262,103,160
./DataSet\0429_08380_b.xml,215,291,150,217
./DataSet\0430_01270_b.xml,186,262,132,195
./DataSet\0430_04601_b.xml,195,262,110,163
./DataSet\0430_04666_b.xml,280,343,79,139
./DataSet\0430_05333_b.xml,243,312,150,217
./DataSet\0430_05905_b.xml,242,300,120,176
./DataSet\0430_05970_b.xml,212,291,138,209
./DataSet\0430_06426_b.xml,181,250,74,130
./DataSet\0430_06439_b.xml,208,279,206,267
./DataSet\0430_06487_b.xml,189,257,64,120
./DataSet\0430_07250_b.xml,213,285,65,126
./DataSet\0430_08117_b.xml,197,262,69,123
./DataSet\0430_08374_b.xml,209,289,98,162
./DataSet\0431_05890_b.xml,195,265,211,274
./DataSet\0432_04307_b.xml,196,269,102,157
./DataSet\0432_05354_b.xml,183,257,216,279
./DataSet\0432_05979_b.xml,207,273,90,149
./DataSet\0432_06360_b.xml,203,274,119,184
./DataSet\0432_08079_b.xml,177,241,152,199
./DataSet\0432_08135_b.xml,183,246,92,150
./DataSet\0432_08145_b.xml,283,350,149,216
./DataSet\0433_02129_b.xml,201,269,120,181
./DataSet\0433_04098_b.xml,211,273,4,58
./DataSet\0433_04683_b.xml,161,231,73,129
./DataSet\0433_04797_b.xml,233,299,84,147
./DataSet\0433_05476_b.xml,232,304,95,151
./DataSet\0433_07371_b.xml,214,278,175,232
./DataSet\0434_04321_b.xml,216,273,152,212
./DataSet\0434_04799_b.xml,171,234,73,123
./DataSet\0434_05195_b.xml,212,286,135,204
./DataSet\0434_06493_b.xml,162,229,47,110
./DataSet\0435_01526_b.xml,178,236,73,129
./DataSet\0435_02056_b.xml,206,264,134,188
./DataSet\0435_04232_b.xml,194,265,157,213
./DataSet\0436_01393_b.xml,205,274,81,144
./DataSet\0436_04395_b.xml,172,241,22,80
./DataSet\0436_05417_b.xml,165,239,228,286
./DataSet\0437_04839_b.xml,183,251,84,144
./DataSet\0437_05078_b.xml,183,242,16,77
./DataSet\0438_04055_b.xml,190,259,100,155
./DataSet\0438_04896_b.xml,179,247,165,220
./DataSet\0438_05376_b.xml,247,313,122,174
./DataSet\0438_05672_b.xml,172,238,76,137
./DataSet\0438_05738_b.xml,147,218,126,186
./DataSet\0438_05958_b.xml,198,267,57,122
./DataSet\0438_06085_b.xml,112,181,141,200
./DataSet\0438_08197_b.xml,154,219,121,183
./DataSet\0439_04275_b.xml,211,283,137,197
./DataSet\0439_05146_b.xml,214,283,151,210
./DataSet\0439_05423_b.xml,298,349,99,158
./DataSet\0439_05845_b.xml,217,285,190,248
./DataSet\0439_06197_b.xml,240,308,114,175
./DataSet\0439_06699_b.xml,218,285,108,161
./DataSet\0439_06768_b.xml,269,338,97,168
./DataSet\0439_07048_b.xml,208,272,162,219
./DataSet\0439_07297_b.xml,249,317,171,234
./DataSet\0440_04502_b.xml,222,295,131,200
./DataSet\0440_04793_b.xml,266,334,95,163
./DataSet\0440_05207_b.xml,273,340,124,187
./DataSet\0440_06780_b.xml,245,314,78,144
./DataSet\0440_08382_b.xml,187,258,53,110
./DataSet\0441_02056_b.xml,142,206,160,225
./DataSet\0441_04007_b.xml,200,271,56,115
./DataSet\0441_04554_b.xml,268,329,89,155
./DataSet\0441_06077_b.xml,170,241,74,135
./DataSet\0442_00176_b.xml,246,311,140,215
./DataSet\0442_01393_b.xml,194,264,110,173
./DataSet\0442_05239_b.xml,234,300,149,208
./DataSet\0442_05398_b.xml,216,290,120,186
./DataSet\0442_05448_b.xml,190,265,113,173
./DataSet\0442_06183_b.xml,173,239,78,134
./DataSet\0442_09523_b.xml,122,196,137,204
./DataSet\0443_04187_b.xml,239,314,127,191
./DataSet\0443_04382_b.xml,183,259,134,193
./DataSet\0443_04873_b.xml,191,252,138,186
./DataSet\0443_05508_b.xml,178,240,190,243
./DataSet\0443_06465_b.xml,188,267,175,243
./DataSet\0444_00002_b.xml,187,246,68,123
./DataSet\0444_00532_b.xml,272,345,143,203
./DataSet\0444_04878_b.xml,187,250,147,214
./DataSet\0444_06098_b.xml,190,254,45,99
./DataSet\0444_06204_b.xml,169,233,78,137
./DataSet\0444_06918_b.xml,191,247,103,161
./DataSet\0444_08080_b.xml,150,221,153,212
./DataSet\0444_08178_b.xml,218,293,123,190
./DataSet\0444_08185_b.xml,257,326,164,234
./DataSet\0445_04622_b.xml,229,305,172,230
./DataSet\0445_04734_b.xml,232,292,89,147
./DataSet\0445_05932_b.xml,205,273,138,198
./DataSet\0445_05986_b.xml,165,237,134,197
./DataSet\0445_06130_b.xml,208,274,143,200
./DataSet\0445_06276_b.xml,177,234,78,129
./DataSet\0446_01587_b.xml,202,262,111,171
./DataSet\0446_04981_b.xml,207,275,50,110
./DataSet\0446_05976_b.xml,185,247,79,140
./DataSet\0446_06105_b.xml,247,311,128,196
./DataSet\0447_06967_b.xml,210,281,146,206
./DataSet\0448_01896_b.xml,162,243,105,168
./DataSet\0448_01897_b.xml,148,214,113,167
./DataSet\0448_04294_b.xml,265,335,83,148
./DataSet\0448_08176_b.xml,188,250,74,135
./DataSet\0449_04084_b.xml,254,331,191,260
./DataSet\0449_05018_b.xml,228,300,89,153
./DataSet\0449_06870_b.xml,182,249,105,165
./DataSet\0450_02271_b.xml,210,269,135,185
./DataSet\0450_05266_b.xml,207,278,92,151
./DataSet\0450_05991_b.xml,260,338,210,281
./DataSet\0450_06152_b.xml,268,336,120,189
./DataSet\0450_06376_b.xml,256,323,69,135
./DataSet\0451_04382_b.xml,145,208,142,204
./DataSet\0451_04783_b.xml,206,277,141,199
./DataSet\0451_07396_b.xml,192,262,70,134
./DataSet\0451_08156_b.xml,200,269,60,119
./DataSet\0452_02096_b.xml,168,246,149,214
./DataSet\0452_05433_b.xml,226,299,63,123
./DataSet\0452_06089_b.xml,207,271,89,150
./DataSet\0453_00096_b.xml,192,244,86,134
./DataSet\0453_05278_b.xml,204,280,103,158
./DataSet\0453_05979_b.xml,157,218,136,190
./DataSet\0453_06762_b.xml,220,281,168,223
./DataSet\0453_06799_b.xml,199,246,157,201
./DataSet\0453_07373_b.xml,202,275,202,259
./DataSet\0454_04259_b.xml,198,248,69,111
./DataSet\0454_04818_b.xml,173,245,132,190
./DataSet\0454_04926_b.xml,184,260,129,192
./DataSet\0454_06993_b.xml,171,239,71,130
./DataSet\0454_08363_b.xml,201,258,96,140
./DataSet\0455_01897_b.xml,188,257,229,280
./DataSet\0455_02271_b.xml,238,309,110,179
./DataSet\0455_06303_b.xml,266,335,97,163
./DataSet\0455_08050_b.xml,237,313,92,157
./DataSet\0456_04115_b.xml,208,285,104,169
./DataSet\0456_05106_b.xml,204,275,83,149
./DataSet\0456_05554_b.xml,153,217,87,142
./DataSet\0456_06380_b.xml,151,215,85,140
./DataSet\0457_05563_b.xml,164,218,136,184
./DataSet\0457_06440_b.xml,227,295,59,118
./DataSet\0457_08327_b.xml,196,265,148,208
./DataSet\0458_04121_b.xml,193,264,137,200
./DataSet\0458_04136_b.xml,187,253,158,216
./DataSet\0458_04330_b.xml,205,276,152,214
./DataSet\0458_04430_b.xml,226,301,92,156
./DataSet\0458_05551_b.xml,255,312,131,192
./DataSet\0458_06268_b.xml,164,227,120,178
./DataSet\0458_06343_b.xml,244,308,106,163
./DataSet\0458_06419_b.xml,184,241,88,142
./DataSet\0459_00316_b.xml,228,301,129,191
./DataSet\0459_04363_b.xml,220,286,106,158
./DataSet\0459_04862_b.xml,159,220,62,118
./DataSet\0459_05434_b.xml,175,242,153,207
./DataSet\0459_05782_b.xml,183,256,154,218
./DataSet\0459_05823_b.xml,260,323,127,199
./DataSet\0459_07112_b.xml,201,275,222,290
./DataSet\0459_07314_b.xml,184,242,107,161
./DataSet\0459_08033_b.xml,214,285,133,193
./DataSet\0500_01639_b.xml,270,344,180,249
./DataSet\0500_01890_b.xml,169,235,111,166
./DataSet\0500_06208_b.xml,260,317,172,235
./DataSet\0500_06611_b.xml,200,270,115,172
./DataSet\0500_07340_b.xml,195,272,150,204
./DataSet\0500_08181_b.xml,206,275,121,183
./DataSet\0501_05229_b.xml,197,254,185,241
./DataSet\0501_05264_b.xml,224,288,77,138
./DataSet\0501_05321_b.xml,178,240,112,168
./DataSet\0501_05807_b.xml,191,257,130,183
./DataSet\0501_05881_b.xml,176,232,89,146
./DataSet\0501_05973_b.xml,202,257,92,150
./DataSet\0501_06978_b.xml,172,236,51,106
./DataSet\0502_01661_b.xml,204,259,223,275
./DataSet\0502_04335_b.xml,143,211,103,163
./DataSet\0502_05172_b.xml,175,247,110,171
./DataSet\0502_05240_b.xml,195,270,153,218
./DataSet\0502_05334_b.xml,170,229,78,137
./DataSet\0502_05391_b.xml,179,243,139,202
./DataSet\0502_06492_b.xml,174,234,111,175
./DataSet\0502_06605_b.xml,271,341,117,185
./DataSet\0502_06635_b.xml,190,252,122,173
./DataSet\0502_06701_b.xml,187,250,130,184
./DataSet\0502_06710_b.xml,183,249,212,269
./DataSet\0502_07225_b.xml,175,242,194,257
./DataSet\0503_04096_b.xml,208,271,115,168
./DataSet\0503_04455_b.xml,195,263,90,147
./DataSet\0503_04738_b.xml,182,248,69,128
./DataSet\0503_04858_b.xml,150,217,123,177
./DataSet\0503_05243_b.xml,240,308,99,158
./DataSet\0503_05760_b.xml,200,263,111,162
./DataSet\0503_06344_b.xml,187,256,188,248
./DataSet\0503_06352_b.xml,177,233,76,132
./DataSet\0504_01851_b.xml,175,241,113,170
./DataSet\0504_05562_b.xml,194,248,69,121
./DataSet\0504_05844_b.xml,169,226,135,180
./DataSet\0504_05846_b.xml,200,270,100,162
./DataSet\0504_06374_b.xml,196,266,172,230
./DataSet\0504_06601_b.xml,251,324,46,107
./DataSet\0504_06776_b.xml,176,249,121,182
./DataSet\0505_00420_b.xml,160,231,175,232
./DataSet\0505_04193_b.xml,182,250,92,148
./DataSet\0505_04300_b.xml,186,257,114,176
./DataSet\0505_04350_b.xml,207,265,75,132
./DataSet\0505_04736_b.xml,260,319,106,163
./DataSet\0505_04793_b.xml,239,313,110,177
./DataSet\0505_04873_b.xml,250,311,91,147
./DataSet\0505_05218_b.xml,217,288,117,174
./DataSet\0505_05633_b.xml,182,242,187,234
./DataSet\0505_05700_b.xml,159,222,190,245
./DataSet\0505_06413_b.xml,233,308,126,197
./DataSet\0505_06740_b.xml,252,314,173,229
./DataSet\0505_06968_b.xml,127,181,94,152
./DataSet\0506_02604_b.xml,199,275,134,197
./DataSet\0506_05556_b.xml,173,236,98,152
./DataSet\0506_06676_b.xml,131,203,165,224
./DataSet\0506_06698_b.xml,170,231,109,163
./DataSet\0506_06824_b.xml,170,236,110,168
./DataSet\0506_06887_b.xml,138,200,143,194
./DataSet\0506_07070_b.xml,213,283,135,192
./DataSet\0507_00661_b.xml,172,242,182,238
./DataSet\0507_06392_b.xml,196,265,78,138
./DataSet\0507_08104_b.xml,178,244,62,121
./DataSet\0508_04535_b.xml,199,264,212,266
./DataSet\0508_05264_b.xml,167,236,98,152
./DataSet\0508_05465_b.xml,174,245,116,178
./DataSet\0508_06228_b.xml,186,252,142,199
./DataSet\0508_06535_b.xml,156,224,159,218
./DataSet\0508_06887_b.xml,205,269,173,229
./DataSet\0508_07262_b.xml,178,242,106,160
./DataSet\0508_07355_b.xml,211,271,77,134
./DataSet\0508_07365_b.xml,161,231,130,194
./DataSet\0508_08395_b.xml,171,234,120,183
./DataSet\0509_01945_b.xml,221,288,86,143
./DataSet\0509_04070_b.xml,193,251,153,202
./DataSet\0509_04094_b.xml,203,270,13,68
./DataSet\0509_05645_b.xml,217,283,118,169
./DataSet\0510_05493_b.xml,192,253,61,116
./DataSet\0510_05717_b.xml,212,281,180,234
./DataSet\0510_06059_b.xml,174,239,168,222
./DataSet\0510_06621_b.xml,180,260,213,280
./DataSet\0510_07155_b.xml,299,369,213,280
./DataSet\0510_07350_b.xml,204,275,120,182
./DataSet\0511_02302_b.xml,297,365,164,223
./DataSet\0511_04171_b.xml,171,236,105,167
./DataSet\0511_04825_b.xml,251,300,170,224
./DataSet\0511_05671_b.xml,209,274,169,222
./DataSet\0511_05801_b.xml,214,281,77,134
./DataSet\0511_05872_b.xml,220,289,184,238
./DataSet\0511_07101_b.xml,277,329,153,211
./DataSet\0512_04241_b.xml,206,274,60,122
./DataSet\0512_04960_b.xml,227,295,57,119
./DataSet\0512_05364_b.xml,177,250,145,210
./DataSet\0512_05758_b.xml,248,310,111,185
./DataSet\0512_06410_b.xml,274,330,68,132
./DataSet\0512_08166_b.xml,184,248,170,221
./DataSet\0512_08200_b.xml,282,333,104,165
./DataSet\0512_08348_b.xml,257,313,77,131
./DataSet\0512_09669_b.xml,172,239,170,225
./DataSet\0513_00490_b.xml,181,250,145,201
./DataSet\0513_02547_b.xml,149,206,126,189
./DataSet\0513_05925_b.xml,217,277,168,222
./DataSet\0513_06166_b.xml,260,327,132,184
./DataSet\0513_06538_b.xml,243,313,120,189
./DataSet\0513_08088_b.xml,212,283,180,240
./DataSet\0513_08387_b.xml,217,290,154,211
./DataSet\0514_04561_b.xml,171,235,127,183
./DataSet\0514_04800_b.xml,208,278,144,210
./DataSet\0514_06355_b.xml,187,263,165,222
./DataSet\0514_06714_b.xml,210,281,135,196
./DataSet\0514_07178_b.xml,164,234,128,188
./DataSet\0514_08304_b.xml,166,238,161,216
./DataSet\0515_01686_b.xml,185,244,93,153
./DataSet\0515_04761_b.xml,209,273,135,196
./DataSet\0515_07185_b.xml,204,276,135,191
./DataSet\0516_00491_b.xml,173,232,106,159
./DataSet\0516_04394_b.xml,218,284,72,136
./DataSet\0516_05104_b.xml,172,235,129,191
./DataSet\0516_05944_b.xml,231,305,154,220
./DataSet\0516_06155_b.xml,212,285,139,199
./DataSet\0516_06669_b.xml,173,231,108,160
./DataSet\0516_08254_b.xml,212,283,117,180
./DataSet\0516_08291_b.xml,281,350,105,176
./DataSet\0517_01945_b.xml,202,261,86,150
./DataSet\0517_05164_b.xml,219,284,125,180
./DataSet\0517_05181_b.xml,241,314,215,285
./DataSet\0517_05352_b.xml,219,277,47,111
./DataSet\0517_06847_b.xml,209,281,209,267
./DataSet\0517_08174_b.xml,157,226,106,161
./DataSet\0518_04355_b.xml,228,290,147,203
./DataSet\0518_04948_b.xml,189,252,153,211
./DataSet\0518_05604_b.xml,266,333,145,207
./DataSet\0518_07075_b.xml,197,263,128,182
./DataSet\0518_07154_b.xml,210,282,158,212
./DataSet\0518_08079_b.xml,231,300,126,195
./DataSet\0519_00462_b.xml,238,293,97,148
./DataSet\0519_02272_b.xml,238,295,124,185
./DataSet\0519_02301_b.xml,137,198,157,207
./DataSet\0519_02570_b.xml,230,301,200,262
./DataSet\0519_02575_b.xml,234,287,200,257
./DataSet\0519_04299_b.xml,219,283,143,204
./DataSet\0519_04373_b.xml,233,289,200,256
./DataSet\0519_04391_b.xml,207,269,154,206
./DataSet\0519_04671_b.xml,188,246,149,208
./DataSet\0519_05493_b.xml,186,246,160,222
./DataSet\0519_05712_b.xml,188,247,125,174
./DataSet\0519_05715_b.xml,166,232,135,192
./DataSet\0519_06353_b.xml,187,253,110,172
./DataSet\0519_06635_b.xml,175,232,66,119
./DataSet\0519_06917_b.xml,259,306,165,221
./DataSet\0519_08151_b.xml,241,308,60,116
./DataSet\0519_08310_b.xml,182,257,141,200
./DataSet\0520_00060_b.xml,212,282,100,163
./DataSet\0520_04388_b.xml,168,241,51,116
./DataSet\0520_04394_b.xml,192,265,59,117
./DataSet\0520_05115_b.xml,190,263,147,215
./DataSet\0520_05432_b.xml,203,266,90,141
./DataSet\0520_05790_b.xml,178,240,74,127
./DataSet\0520_06287_b.xml,173,236,103,162
./DataSet\0520_06296_b.xml,177,240,87,147
./DataSet\0520_07389_b.xml,177,241,147,204
./DataSet\0521_04268_b.xml,185,243,124,175
./DataSet\0521_04658_b.xml,212,267,60,116
./DataSet\0521_05656_b.xml,172,238,136,193
./DataSet\9_2261_1_36L8265_134_225_496_288.xml,113,512,217,297
./DataSet\9_2262_1_36L8336_153_319_458_382.xml,148,465,326,378
./DataSet\9_2263_1_36L8490_145_294_472_357.xml,137,463,297,350
./DataSet\9_2264_1_36L8855_139_299_477_372.xml,129,468,309,359
./DataSet\9_2265_1_36L8911_124_150_496_249.xml,126,480,147,240
./DataSet\9_2266_1_36L9351_136_284_485_357.xml,137,477,290,347
./DataSet\9_2267_1_36L9458_143_197_497_262.xml,144,499,206,258
./DataSet\9_2268_1_36L9497_173_298_490_361.xml,170,484,298,356
./DataSet\9_2269_1_36L9575_157_310_466_364.xml,162,453,315,358
./DataSet\9_2270_1_36L9685_220_219_455_276.xml,228,454,232,267
./DataSet\9_2271_1_36LD00024_52_193_608_275.xml,61,576,196,276
./DataSet\9_2272_1_36LD00284_216_241_474_290.xml,224,461,247,288
./DataSet\9_2273_1_36M0035_148_295_456_358.xml,153,447,302,346
./DataSet\9_2274_1_36M0142_156_293_425_356.xml,161,425,300,350
./DataSet\9_2275_1_36M00214_124_270_489_333.xml,122,491,276,334
./DataSet\9_2276_1_36M0232_113_248_445_323.xml,112,432,254,312
./DataSet\N1.xml,1093,1396,645,727
./DataSet\N100.xml,134,301,312,350
./DataSet\N101.xml,31,139,128,161
./DataSet\N102.xml,164,316,216,243
./DataSet\N103.xml,813,1067,665,724
./DataSet\N104.xml,66,154,166,197
./DataSet\N105.xml,360,434,174,195
./DataSet\N106.xml,137,262,249,290
./DataSet\N107.xml,207,356,174,287
./DataSet\N108.xml,184,342,220,257
./DataSet\N109.xml,148,239,250,320
./DataSet\N11.xml,131,187,130,144
./DataSet\N110.xml,183,249,211,227
./DataSet\N111.xml,80,239,364,402
./DataSet\N112.xml,179,347,256,290
./DataSet\N113.xml,39,108,129,157
./DataSet\N114.xml,15,200,33,126
./DataSet\N116.xml,157,316,226,278
./DataSet\N117.xml,120,249,161,202
./DataSet\N118.xml,532,852,636,706
./DataSet\N119.xml,180,559,216,314
./DataSet\N12.xml,976,1284,669,754
./DataSet\N120.xml,647,736,332,387
./DataSet\N121.xml,311,506,324,370
./DataSet\N122.xml,342,494,243,288
./DataSet\N123.xml,11,246,78,165
./DataSet\N124.xml,165,328,276,324
./DataSet\N126.xml,149,399,269,327
./DataSet\N127.xml,24,142,209,245
./DataSet\N128.xml,58,221,198,271
./DataSet\N129.xml,301,504,351,402
./DataSet\N130.xml,419,513,173,213
./DataSet\N131.xml,198,349,107,143
./DataSet\N132.xml,111,320,133,286
./DataSet\N133.xml,795,1095,751,840
./DataSet\N134.xml,230,365,188,219
./DataSet\N135.xml,157,341,197,247
./DataSet\N136.xml,787,910,473,513
./DataSet\N137.xml,401,593,456,493
./DataSet\N138.xml,36,465,64,168
./DataSet\N139.xml,341,607,954,1011
./DataSet\N14.xml,1058,1351,660,756
./DataSet\N140.xml,346,423,197,221
./DataSet\N141.xml,150,348,255,296
./DataSet\N142.xml,66,174,234,259
./DataSet\N143.xml,115,524,144,296
./DataSet\N144.xml,39,177,201,275
./DataSet\N145.xml,233,432,88,151
./DataSet\N147.xml,424,613,548,591
./DataSet\N148.xml,244,369,240,293
./DataSet\N149.xml,186,324,116,148
./DataSet\N15.xml,582,853,622,691
./DataSet\N150.xml,172,372,97,143
./DataSet\N151.xml,144,277,216,252
./DataSet\N152.xml,265,725,247,347
./DataSet\N153.xml,133,279,352,385
./DataSet\N154.xml,106,245,157,196
./DataSet\N155.xml,145,313,167,201
./DataSet\N156.xml,49,106,230,249
./DataSet\N158.xml,122,224,268,292
./DataSet\N16.xml,887,1173,625,696
./DataSet\N160.xml,153,251,196,217
./DataSet\N162.xml,147,336,169,209
./DataSet\N163.xml,230,316,203,231
./DataSet\N164.xml,248,421,121,174
./DataSet\N165.xml,186,374,290,335
./DataSet\N166.xml,809,1034,246,295
./DataSet\N167.xml,345,848,242,416
./DataSet\N168.xml,271,474,514,561
./DataSet\N169.xml,167,413,208,263
./DataSet\N17.xml,88,216,507,556
./DataSet\N170.xml,299,442,337,386
./DataSet\N171.xml,13,444,137,270
./DataSet\N172.xml,147,370,133,184
./DataSet\N173.xml,80,335,150,243
./DataSet\N174.xml,315,665,442,531
./DataSet\N175.xml,183,250,205,229
./DataSet\N176.xml,195,383,320,358
./DataSet\N177.xml,331,538,263,317
./DataSet\N178.xml,210,335,289,351
./DataSet\N179.xml,203,297,217,240
./DataSet\N18.xml,373,528,366,408
./DataSet\N181.xml,361,499,381,432
./DataSet\N183.xml,216,343,155,190
./DataSet\N184.xml,229,1391,204,660
./DataSet\N185.xml,321,559,420,484
./DataSet\N186.xml,464,561,286,344
./DataSet\N187.xml,572,839,461,535
./DataSet\N188.xml,587,711,760,832
./DataSet\N189.xml,178,381,121,181
./DataSet\N19.xml,99,216,367,423
./DataSet\N190.xml,896,1558,814,969
./DataSet\N191.xml,317,568,319,397
./DataSet\N192.xml,543,769,390,461
./DataSet\N193.xml,274,502,2,59
./DataSet\N195.xml,186,367,137,232
./DataSet\N196.xml,119,220,84,111
./DataSet\N197.xml,120,184,103,130
./DataSet\N198.xml,214,335,138,169
./DataSet\N199.xml,45,112,206,255
./DataSet\N2.xml,1804,2493,1734,1882
./DataSet\N20.xml,498,796,729,814
./DataSet\N200.xml,196,442,227,293
./DataSet\N201.xml,157,290,193,229
./DataSet\N202.xml,157,329,260,296
./DataSet\N203.xml,765,1258,821,905
./DataSet\N204.xml,94,206,307,334
./DataSet\N205.xml,322,479,169,203
./DataSet\N206.xml,121,215,120,147
./DataSet\N207.xml,213,339,280,307
./DataSet\N208.xml,199,274,203,221
./DataSet\N209.xml,145,319,200,244
./DataSet\N21.xml,244,403,221,258
./DataSet\N210.xml,143,337,210,254
./DataSet\N211.xml,74,160,149,175
./DataSet\N212.xml,159,353,115,173
./DataSet\N213.xml,131,209,129,153
./DataSet\N214.xml,167,277,189,226
./DataSet\N215.xml,85,258,390,446
./DataSet\N216.xml,322,682,300,371
./DataSet\N217.xml,404,585,429,468
./DataSet\N218.xml,176,301,212,238
./DataSet\N219.xml,1,300,92,154
./DataSet\N22.xml,493,858,885,967
./DataSet\N220.xml,182,349,238,273
./DataSet\N221.xml,104,209,153,182
./DataSet\N222.xml,127,183,122,156
./DataSet\N223.xml,69,585,79,183
./DataSet\N224.xml,164,272,223,247
./DataSet\N225.xml,775,1142,965,1101
./DataSet\N226.xml,142,343,253,304
./DataSet\N227.xml,626,768,280,359
./DataSet\N229.xml,358,1031,294,540
./DataSet\N23.xml,107,201,264,288
./DataSet\N230.xml,271,484,332,384
./DataSet\N231.xml,581,700,273,319
./DataSet\N232.xml,286,451,216,258
./DataSet\N233.xml,99,223,20,50
./DataSet\N234.xml,224,307,158,183
./DataSet\N235.xml,44,656,128,391
./DataSet\N236.xml,313,380,111,141
./DataSet\N237.xml,121,243,163,198
./DataSet\N238.xml,165,341,129,170
./DataSet\N239.xml,106,263,238,276
./DataSet\N24.xml,151,280,193,224
./DataSet\N240.xml,164,285,99,137
./DataSet\N241.xml,251,542,308,385
./DataSet\N242.xml,202,386,190,227
./DataSet\N244.xml,335,452,313,343
./DataSet\N245.xml,192,364,279,319
./DataSet\N246.xml,23,160,261,321
./DataSet\N247.xml,641,886,518,578
./DataSet\N248.xml,288,429,248,281
./DataSet\N25.xml,132,235,169,193
./DataSet\N27.xml,696,1061,546,677
./DataSet\N28.xml,738,1009,654,722
./DataSet\N3.xml,73,260,381,462
./DataSet\N30.xml,928,1219,543,606
./DataSet\N31.xml,256,381,233,261
./DataSet\N32.xml,360,500,171,206
./DataSet\N33.xml,856,1218,665,751
./DataSet\N34.xml,576,902,487,596
./DataSet\N35.xml,97,229,338,378
./DataSet\N36.xml,392,517,161,213
./DataSet\N37.xml,77,200,231,290
./DataSet\N38.xml,397,645,590,641
./DataSet\N4.xml,1326,1830,1464,1607
./DataSet\N40.xml,328,580,208,254
./DataSet\N42.xml,163,373,253,327
./DataSet\N43.xml,142,298,281,327
./DataSet\N44.xml,113,257,282,322
./DataSet\N45.xml,107,256,147,180
./DataSet\N46.xml,454,797,109,234
./DataSet\N47.xml,161,313,212,259
./DataSet\N48.xml,156,335,259,303
./DataSet\N49.xml,196,352,135,173
./DataSet\N5.xml,938,1173,709,762
./DataSet\N50.xml,101,397,223,291
./DataSet\N51.xml,383,491,212,248
./DataSet\N52.xml,234,422,254,294
./DataSet\N53.xml,217,428,147,188
./DataSet\N54.xml,189,299,162,188
./DataSet\N56.xml,302,486,265,303
./DataSet\N57.xml,211,406,161,202
./DataSet\N58.xml,221,430,190,231
./DataSet\N59.xml,1238,2468,1012,1269
./DataSet\N6.xml,858,1122,611,676
./DataSet\N61.xml,158,350,252,297
./DataSet\N62.xml,289,421,188,232
./DataSet\N63.xml,297,422,174,218
./DataSet\N64.xml,19,94,249,314
./DataSet\N65.xml,1024,1273,611,680
./DataSet\N66.xml,163,320,247,280
./DataSet\N67.xml,164,336,162,195
./DataSet\N68.xml,319,479,262,295
./DataSet\N69.xml,637,840,464,549
./DataSet\N7.xml,1149,1358,649,702
./DataSet\N70.xml,186,395,376,430
./DataSet\N72.xml,186,325,177,212
./DataSet\N73.xml,124,209,102,130
./DataSet\N74.xml,161,366,210,250
./DataSet\N75.xml,466,740,680,737
./DataSet\N77.xml,361,566,190,297
./DataSet\N78.xml,146,302,160,196
./DataSet\N79.xml,113,277,288,347
./DataSet\N8.xml,788,1525,1675,1851
./DataSet\N80.xml,248,372,116,144
./DataSet\N81.xml,66,174,302,332
./DataSet\N82.xml,456,651,722,778
./DataSet\N84.xml,235,349,319,352
./DataSet\N85.xml,163,302,357,427
./DataSet\N86.xml,448,638,273,338
./DataSet\N88.xml,208,370,89,173
./DataSet\N89.xml,150,378,217,269
./DataSet\N9.xml,142,441,55,167
./DataSet\N90.xml,53,185,206,232
./DataSet\N91.xml,239,347,187,211
./DataSet\N92.xml,113,420,209,260
./DataSet\N93.xml,385,746,293,434
./DataSet\N94.xml,63,243,234,274
./DataSet\N95.xml,23,408,173,391
./DataSet\N96.xml,137,352,141,186
./DataSet\N97.xml,175,290,228,255
./DataSet\N98.xml,563,675,207,238
./DataSet\N99.xml,158,389,129,193
